./calibration/gland_71_30.jpg,342305
./calibration/gland_71_47.jpg,385453
./calibration/gland_26_21.jpg,195869
./calibration/gland_89_9.jpg,159556
./calibration/gland_87_28.jpg,460414
./calibration/gland_87_24.jpg,224079
./calibration/gland_71_54.jpg,683462
./calibration/gland_89_6.jpg,35238
./calibration/gland_89_0.jpg,224444
./calibration/gland_71_48.jpg,362280
./calibration/gland_26_5.jpg,98870
./calibration/gland_71_65.jpg,657808
./calibration/gland_89_1.jpg,64562
./calibration/gland_89_3.jpg,29820
./calibration/gland_26_13.jpg,147689
./calibration/gland_71_62.jpg,578497
./calibration/gland_26_8.jpg,88271
./calibration/gland_89_8.jpg,158710
./calibration/gland_89_2.jpg,248327
./calibration/gland_26_18.jpg,211019
./calibration/gland_26_10.jpg,196924
./calibration/gland_87_29.jpg,256221
./calibration/gland_89_5.jpg,114470
./calibration/gland_86_2.jpg,509176
./calibration/gland_89_7.jpg,73749
./calibration/gland_86_0.jpg,471525
./calibration/gland_71_83.jpg,618772
./calibration/gland_49_18.jpg,382488
./calibration/gland_89_4.jpg,20456
./calibration/gland_71_30.jpg,259648
./calibration/gland_71_47.jpg,272709
./calibration/gland_26_21.jpg,162267
./calibration/gland_89_9.jpg,103261
./calibration/gland_87_28.jpg,388625
./calibration/gland_87_24.jpg,163997
./calibration/gland_71_54.jpg,300512
./calibration/gland_89_6.jpg,13453
./calibration/gland_89_0.jpg,154217
./calibration/gland_71_48.jpg,201479
./calibration/gland_26_5.jpg,50314
./calibration/gland_71_65.jpg,506311
./calibration/gland_89_1.jpg,24657
./calibration/gland_89_3.jpg,8375
./calibration/gland_26_13.jpg,100183
./calibration/gland_71_62.jpg,441144
./calibration/gland_26_8.jpg,46606
./calibration/gland_89_8.jpg,58904
./calibration/gland_89_2.jpg,186456
./calibration/gland_26_18.jpg,153633
./calibration/gland_26_10.jpg,168151
./calibration/gland_87_29.jpg,193550
./calibration/gland_89_5.jpg,73028
./calibration/gland_86_2.jpg,399929
./calibration/gland_89_7.jpg,25775
./calibration/gland_86_0.jpg,385459
./calibration/gland_71_83.jpg,388354
./calibration/gland_49_18.jpg,289899
./calibration/gland_89_4.jpg,6915
./calibration/gland_71_30.jpg,215782
./calibration/gland_71_47.jpg,225909
./calibration/gland_26_21.jpg,141128
./calibration/gland_89_9.jpg,81016
./calibration/gland_87_28.jpg,341819
./calibration/gland_87_24.jpg,133618
./calibration/gland_71_54.jpg,171042
./calibration/gland_89_6.jpg,7267
./calibration/gland_89_0.jpg,126183
./calibration/gland_71_48.jpg,155832
./calibration/gland_26_5.jpg,36683
./calibration/gland_71_65.jpg,430474
./calibration/gland_89_1.jpg,13139
./calibration/gland_89_3.jpg,4414
./calibration/gland_26_13.jpg,81315
./calibration/gland_71_62.jpg,334510
./calibration/gland_26_8.jpg,34623
./calibration/gland_89_8.jpg,26398
./calibration/gland_89_2.jpg,161706
./calibration/gland_26_18.jpg,132327
./calibration/gland_26_10.jpg,150455
./calibration/gland_87_29.jpg,159638
./calibration/gland_89_5.jpg,56104
./calibration/gland_86_2.jpg,340229
./calibration/gland_89_7.jpg,13762
./calibration/gland_86_0.jpg,344563
./calibration/gland_71_83.jpg,271683
./calibration/gland_49_18.jpg,248316
./calibration/gland_89_4.jpg,3712
./calibration/gland_71_30.jpg,164397
./calibration/gland_71_47.jpg,176188
./calibration/gland_26_21.jpg,113950
./calibration/gland_89_9.jpg,55897
./calibration/gland_87_28.jpg,280371
./calibration/gland_87_24.jpg,99892
./calibration/gland_71_54.jpg,128929
./calibration/gland_89_6.jpg,4324
./calibration/gland_89_0.jpg,102822
./calibration/gland_71_48.jpg,122048
./calibration/gland_26_5.jpg,25082
./calibration/gland_71_65.jpg,349217
./calibration/gland_89_1.jpg,7205
./calibration/gland_89_3.jpg,2721
./calibration/gland_26_13.jpg,60587
./calibration/gland_71_62.jpg,247100
./calibration/gland_26_8.jpg,23534
./calibration/gland_89_8.jpg,13148
./calibration/gland_89_2.jpg,135068
./calibration/gland_26_18.jpg,107286
./calibration/gland_26_10.jpg,126128
./calibration/gland_87_29.jpg,120982
./calibration/gland_89_5.jpg,40310
./calibration/gland_86_2.jpg,274509
./calibration/gland_89_7.jpg,7559
./calibration/gland_86_0.jpg,306337
./calibration/gland_71_83.jpg,179202
./calibration/gland_49_18.jpg,201794
./calibration/gland_89_4.jpg,2231
./calibration/gland_71_30.jpg,134803
./calibration/gland_71_47.jpg,149379
./calibration/gland_26_21.jpg,98753
./calibration/gland_89_9.jpg,41858
./calibration/gland_87_28.jpg,241884
./calibration/gland_87_24.jpg,81439
./calibration/gland_71_54.jpg,114158
./calibration/gland_89_6.jpg,3257
./calibration/gland_89_0.jpg,92722
./calibration/gland_71_48.jpg,103920
./calibration/gland_26_5.jpg,19374
./calibration/gland_71_65.jpg,310061
./calibration/gland_89_1.jpg,5281
./calibration/gland_89_3.jpg,2092
./calibration/gland_26_13.jpg,48705
./calibration/gland_71_62.jpg,211264
./calibration/gland_26_8.jpg,17838
./calibration/gland_89_8.jpg,9099
./calibration/gland_89_2.jpg,120451
./calibration/gland_26_18.jpg,91688
./calibration/gland_26_10.jpg,110989
./calibration/gland_87_29.jpg,99992
./calibration/gland_89_5.jpg,32356
./calibration/gland_86_2.jpg,235231
./calibration/gland_89_7.jpg,5347
./calibration/gland_86_0.jpg,284680
./calibration/gland_71_83.jpg,147920
./calibration/gland_49_18.jpg,171593
./calibration/gland_89_4.jpg,1611
./calibration/gland_71_30.jpg,110961
./calibration/gland_71_47.jpg,127307
./calibration/gland_26_21.jpg,86385
./calibration/gland_89_9.jpg,30803
./calibration/gland_87_28.jpg,208364
./calibration/gland_87_24.jpg,66270
./calibration/gland_71_54.jpg,103110
./calibration/gland_89_6.jpg,2528
./calibration/gland_89_0.jpg,84250
./calibration/gland_71_48.jpg,89047
./calibration/gland_26_5.jpg,15003
./calibration/gland_71_65.jpg,277992
./calibration/gland_89_1.jpg,3857
./calibration/gland_89_3.jpg,1689
./calibration/gland_26_13.jpg,39430
./calibration/gland_71_62.jpg,191837
./calibration/gland_26_8.jpg,13725
./calibration/gland_89_8.jpg,6304
./calibration/gland_89_2.jpg,107779
./calibration/gland_26_18.jpg,78381
./calibration/gland_26_10.jpg,97858
./calibration/gland_87_29.jpg,82933
./calibration/gland_89_5.jpg,26014
./calibration/gland_86_2.jpg,201783
./calibration/gland_89_7.jpg,3809
./calibration/gland_86_0.jpg,264796
./calibration/gland_71_83.jpg,129845
./calibration/gland_49_18.jpg,145564
./calibration/gland_89_4.jpg,1160
./calibration/gland_71_30.jpg,89364
./calibration/gland_71_47.jpg,106407
./calibration/gland_26_21.jpg,74792
./calibration/gland_89_9.jpg,20652
./calibration/gland_87_28.jpg,175316
./calibration/gland_87_24.jpg,51496
./calibration/gland_71_54.jpg,93543
./calibration/gland_89_6.jpg,1848
./calibration/gland_89_0.jpg,75883
./calibration/gland_71_48.jpg,75074
./calibration/gland_26_5.jpg,11345
./calibration/gland_71_65.jpg,250626
./calibration/gland_89_1.jpg,2614
./calibration/gland_89_3.jpg,1328
./calibration/gland_26_13.jpg,31576
./calibration/gland_71_62.jpg,176844
./calibration/gland_26_8.jpg,10175
./calibration/gland_89_8.jpg,3936
./calibration/gland_89_2.jpg,95389
./calibration/gland_26_18.jpg,65314
./calibration/gland_26_10.jpg,85745
./calibration/gland_87_29.jpg,66794
./calibration/gland_89_5.jpg,19937
./calibration/gland_86_2.jpg,168308
./calibration/gland_89_7.jpg,2407
./calibration/gland_86_0.jpg,244369
./calibration/gland_71_83.jpg,115454
./calibration/gland_49_18.jpg,120468
./calibration/gland_89_4.jpg,785
./calibration/gland_71_30.jpg,71977
./calibration/gland_71_47.jpg,88738
./calibration/gland_26_21.jpg,64911
./calibration/gland_89_9.jpg,13198
./calibration/gland_87_28.jpg,146189
./calibration/gland_87_24.jpg,39458
./calibration/gland_71_54.jpg,84149
./calibration/gland_89_6.jpg,1289
./calibration/gland_89_0.jpg,68434
./calibration/gland_71_48.jpg,63303
./calibration/gland_26_5.jpg,8518
./calibration/gland_71_65.jpg,223221
./calibration/gland_89_1.jpg,1725
./calibration/gland_89_3.jpg,1051
./calibration/gland_26_13.jpg,25826
./calibration/gland_71_62.jpg,162495
./calibration/gland_26_8.jpg,7749
./calibration/gland_89_8.jpg,2456
./calibration/gland_89_2.jpg,84176
./calibration/gland_26_18.jpg,54512
./calibration/gland_26_10.jpg,74594
./calibration/gland_87_29.jpg,53521
./calibration/gland_89_5.jpg,15145
./calibration/gland_86_2.jpg,137973
./calibration/gland_89_7.jpg,1465
./calibration/gland_86_0.jpg,222763
./calibration/gland_71_83.jpg,102646
./calibration/gland_49_18.jpg,97785
./calibration/gland_89_4.jpg,461
./calibration/gland_71_30.jpg,51767
./calibration/gland_71_47.jpg,66430
./calibration/gland_26_21.jpg,51973
./calibration/gland_89_9.jpg,6093
./calibration/gland_87_28.jpg,109196
./calibration/gland_87_24.jpg,25038
./calibration/gland_71_54.jpg,70101
./calibration/gland_89_6.jpg,714
./calibration/gland_89_0.jpg,58150
./calibration/gland_71_48.jpg,48301
./calibration/gland_26_5.jpg,5550
./calibration/gland_71_65.jpg,184858
./calibration/gland_89_1.jpg,748
./calibration/gland_89_3.jpg,662
./calibration/gland_26_13.jpg,19470
./calibration/gland_71_62.jpg,142283
./calibration/gland_26_8.jpg,5064
./calibration/gland_89_8.jpg,1121
./calibration/gland_89_2.jpg,68999
./calibration/gland_26_18.jpg,41454
./calibration/gland_26_10.jpg,59826
./calibration/gland_87_29.jpg,38271
./calibration/gland_89_5.jpg,9592
./calibration/gland_86_2.jpg,97672
./calibration/gland_89_7.jpg,589
./calibration/gland_86_0.jpg,188002
./calibration/gland_71_83.jpg,84934
./calibration/gland_49_18.jpg,68978
./calibration/gland_89_4.jpg,184
./calibration/gland_71_30.jpg,43325
./calibration/gland_71_47.jpg,56472
./calibration/gland_26_21.jpg,45470
./calibration/gland_89_9.jpg,3653
./calibration/gland_87_28.jpg,92339
./calibration/gland_87_24.jpg,19512
./calibration/gland_71_54.jpg,62289
./calibration/gland_89_6.jpg,476
./calibration/gland_89_0.jpg,52828
./calibration/gland_71_48.jpg,41273
./calibration/gland_26_5.jpg,4528
./calibration/gland_71_65.jpg,165084
./calibration/gland_89_1.jpg,400
./calibration/gland_89_3.jpg,496
./calibration/gland_26_13.jpg,16797
./calibration/gland_71_62.jpg,131409
./calibration/gland_26_8.jpg,3971
./calibration/gland_89_8.jpg,666
./calibration/gland_89_2.jpg,61184
./calibration/gland_26_18.jpg,35464
./calibration/gland_26_10.jpg,52176
./calibration/gland_87_29.jpg,32048
./calibration/gland_89_5.jpg,7221
./calibration/gland_86_2.jpg,79024
./calibration/gland_89_7.jpg,335
./calibration/gland_86_0.jpg,168147
./calibration/gland_71_83.jpg,75965
./calibration/gland_49_18.jpg,56423
./calibration/gland_89_4.jpg,66
./calibration/gland_71_30.jpg,36681
./calibration/gland_71_47.jpg,48496
./calibration/gland_26_21.jpg,39725
./calibration/gland_89_9.jpg,2168
./calibration/gland_87_28.jpg,78583
./calibration/gland_87_24.jpg,15557
./calibration/gland_71_54.jpg,54757
./calibration/gland_89_6.jpg,281
./calibration/gland_89_0.jpg,48080
./calibration/gland_71_48.jpg,35568
./calibration/gland_26_5.jpg,3812
./calibration/gland_71_65.jpg,146938
./calibration/gland_89_1.jpg,166
./calibration/gland_89_3.jpg,426
./calibration/gland_26_13.jpg,14695
./calibration/gland_71_62.jpg,121146
./calibration/gland_26_8.jpg,3138
./calibration/gland_89_8.jpg,367
./calibration/gland_89_2.jpg,54518
./calibration/gland_26_18.jpg,30183
./calibration/gland_26_10.jpg,45494
./calibration/gland_87_29.jpg,27148
./calibration/gland_89_5.jpg,5535
./calibration/gland_86_2.jpg,64072
./calibration/gland_89_7.jpg,167
./calibration/gland_86_0.jpg,149275
./calibration/gland_71_83.jpg,67587
./calibration/gland_49_18.jpg,45901
./calibration/gland_89_4.jpg,24
./calibration/gland_71_30.jpg,31333
./calibration/gland_71_47.jpg,42305
./calibration/gland_26_21.jpg,34625
./calibration/gland_89_9.jpg,1400
./calibration/gland_87_28.jpg,67674
./calibration/gland_87_24.jpg,12936
./calibration/gland_71_54.jpg,48281
./calibration/gland_89_6.jpg,175
./calibration/gland_89_0.jpg,43945
./calibration/gland_71_48.jpg,30554
./calibration/gland_26_5.jpg,3265
./calibration/gland_71_65.jpg,130537
./calibration/gland_89_1.jpg,110
./calibration/gland_89_3.jpg,387
./calibration/gland_26_13.jpg,12766
./calibration/gland_71_62.jpg,111234
./calibration/gland_26_8.jpg,2449
./calibration/gland_89_8.jpg,211
./calibration/gland_89_2.jpg,48486
./calibration/gland_26_18.jpg,25661
./calibration/gland_26_10.jpg,38861
./calibration/gland_87_29.jpg,23316
./calibration/gland_89_5.jpg,4385
./calibration/gland_86_2.jpg,53399
./calibration/gland_89_7.jpg,99
./calibration/gland_86_0.jpg,132479
./calibration/gland_71_83.jpg,60550
./calibration/gland_49_18.jpg,37292
./calibration/gland_89_4.jpg,12
./calibration/gland_71_30.jpg,26955
./calibration/gland_71_47.jpg,37128
./calibration/gland_26_21.jpg,30118
./calibration/gland_89_9.jpg,953
./calibration/gland_87_28.jpg,58570
./calibration/gland_87_24.jpg,10986
./calibration/gland_71_54.jpg,42245
./calibration/gland_89_6.jpg,134
./calibration/gland_89_0.jpg,40225
./calibration/gland_71_48.jpg,26299
./calibration/gland_26_5.jpg,2853
./calibration/gland_71_65.jpg,116694
./calibration/gland_89_1.jpg,83
./calibration/gland_89_3.jpg,349
./calibration/gland_26_13.jpg,11243
./calibration/gland_71_62.jpg,102362
./calibration/gland_26_8.jpg,1914
./calibration/gland_89_8.jpg,128
./calibration/gland_89_2.jpg,43411
./calibration/gland_26_18.jpg,21798
./calibration/gland_26_10.jpg,33424
./calibration/gland_87_29.jpg,20226
./calibration/gland_89_5.jpg,3587
./calibration/gland_86_2.jpg,44530
./calibration/gland_89_7.jpg,90
./calibration/gland_86_0.jpg,117054
./calibration/gland_71_83.jpg,54495
./calibration/gland_49_18.jpg,30476
./calibration/gland_89_4.jpg,6
./calibration/gland_71_30.jpg,21193
./calibration/gland_71_47.jpg,30262
./calibration/gland_26_21.jpg,23446
./calibration/gland_89_9.jpg,552
./calibration/gland_87_28.jpg,46631
./calibration/gland_87_24.jpg,8676
./calibration/gland_71_54.jpg,34083
./calibration/gland_89_6.jpg,109
./calibration/gland_89_0.jpg,34621
./calibration/gland_71_48.jpg,20589
./calibration/gland_26_5.jpg,2280
./calibration/gland_71_65.jpg,97126
./calibration/gland_89_1.jpg,52
./calibration/gland_89_3.jpg,296
./calibration/gland_26_13.jpg,9062
./calibration/gland_71_62.jpg,89231
./calibration/gland_26_8.jpg,1246
./calibration/gland_89_8.jpg,62
./calibration/gland_89_2.jpg,35887
./calibration/gland_26_18.jpg,16580
./calibration/gland_26_10.jpg,25249
./calibration/gland_87_29.jpg,16218
./calibration/gland_89_5.jpg,2716
./calibration/gland_86_2.jpg,33948
./calibration/gland_89_7.jpg,72
./calibration/gland_86_0.jpg,95319
./calibration/gland_71_83.jpg,46666
./calibration/gland_49_18.jpg,21571
./calibration/gland_89_4.jpg,0
./calibration/gland_71_30.jpg,18239
./calibration/gland_71_47.jpg,26779
./calibration/gland_26_21.jpg,19977
./calibration/gland_89_9.jpg,387
./calibration/gland_87_28.jpg,40533
./calibration/gland_87_24.jpg,7556
./calibration/gland_71_54.jpg,29999
./calibration/gland_89_6.jpg,96
./calibration/gland_89_0.jpg,31504
./calibration/gland_71_48.jpg,17662
./calibration/gland_26_5.jpg,1997
./calibration/gland_71_65.jpg,86341
./calibration/gland_89_1.jpg,35
./calibration/gland_89_3.jpg,265
./calibration/gland_26_13.jpg,7898
./calibration/gland_71_62.jpg,81310
./calibration/gland_26_8.jpg,951
./calibration/gland_89_8.jpg,43
./calibration/gland_89_2.jpg,31771
./calibration/gland_26_18.jpg,13938
./calibration/gland_26_10.jpg,20981
./calibration/gland_87_29.jpg,14199
./calibration/gland_89_5.jpg,2280
./calibration/gland_86_2.jpg,28951
./calibration/gland_89_7.jpg,68
./calibration/gland_86_0.jpg,83717
./calibration/gland_71_83.jpg,42319
./calibration/gland_49_18.jpg,17354
./calibration/gland_89_4.jpg,0
./calibration/gland_71_30.jpg,15421
./calibration/gland_71_47.jpg,23230
./calibration/gland_26_21.jpg,16740
./calibration/gland_89_9.jpg,255
./calibration/gland_87_28.jpg,34811
./calibration/gland_87_24.jpg,6470
./calibration/gland_71_54.jpg,25872
./calibration/gland_89_6.jpg,82
./calibration/gland_89_0.jpg,28327
./calibration/gland_71_48.jpg,14991
./calibration/gland_26_5.jpg,1719
./calibration/gland_71_65.jpg,75416
./calibration/gland_89_1.jpg,21
./calibration/gland_89_3.jpg,242
./calibration/gland_26_13.jpg,6765
./calibration/gland_71_62.jpg,73090
./calibration/gland_26_8.jpg,702
./calibration/gland_89_8.jpg,25
./calibration/gland_89_2.jpg,27853
./calibration/gland_26_18.jpg,11484
./calibration/gland_26_10.jpg,16853
./calibration/gland_87_29.jpg,12154
./calibration/gland_89_5.jpg,1883
./calibration/gland_86_2.jpg,24193
./calibration/gland_89_7.jpg,59
./calibration/gland_86_0.jpg,72144
./calibration/gland_71_83.jpg,38124
./calibration/gland_49_18.jpg,13490
./calibration/gland_89_4.jpg,0
./calibration/gland_71_30.jpg,13155
./calibration/gland_71_47.jpg,20468
./calibration/gland_26_21.jpg,14067
./calibration/gland_89_9.jpg,181
./calibration/gland_87_28.jpg,30357
./calibration/gland_87_24.jpg,5638
./calibration/gland_71_54.jpg,22529
./calibration/gland_89_6.jpg,72
./calibration/gland_89_0.jpg,25524
./calibration/gland_71_48.jpg,12802
./calibration/gland_26_5.jpg,1491
./calibration/gland_71_65.jpg,67214
./calibration/gland_89_1.jpg,15
./calibration/gland_89_3.jpg,227
./calibration/gland_26_13.jpg,5921
./calibration/gland_71_62.jpg,66495
./calibration/gland_26_8.jpg,557
./calibration/gland_89_8.jpg,18
./calibration/gland_89_2.jpg,24494
./calibration/gland_26_18.jpg,9590
./calibration/gland_26_10.jpg,13924
./calibration/gland_87_29.jpg,10648
./calibration/gland_89_5.jpg,1572
./calibration/gland_86_2.jpg,20559
./calibration/gland_89_7.jpg,55
./calibration/gland_86_0.jpg,62862
./calibration/gland_71_83.jpg,34813
./calibration/gland_49_18.jpg,10918
./calibration/gland_89_4.jpg,0
./calibration/gland_71_30.jpg,10872
./calibration/gland_71_47.jpg,17466
./calibration/gland_26_21.jpg,11493
./calibration/gland_89_9.jpg,123
./calibration/gland_87_28.jpg,25506
./calibration/gland_87_24.jpg,4760
./calibration/gland_71_54.jpg,19242
./calibration/gland_89_6.jpg,58
./calibration/gland_89_0.jpg,22442
./calibration/gland_71_48.jpg,10621
./calibration/gland_26_5.jpg,1252
./calibration/gland_71_65.jpg,57923
./calibration/gland_89_1.jpg,8
./calibration/gland_89_3.jpg,206
./calibration/gland_26_13.jpg,4971
./calibration/gland_71_62.jpg,58914
./calibration/gland_26_8.jpg,416
./calibration/gland_89_8.jpg,9
./calibration/gland_89_2.jpg,21028
./calibration/gland_26_18.jpg,7711
./calibration/gland_26_10.jpg,10679
./calibration/gland_87_29.jpg,9086
./calibration/gland_89_5.jpg,1317
./calibration/gland_86_2.jpg,16991
./calibration/gland_89_7.jpg,49
./calibration/gland_86_0.jpg,53177
./calibration/gland_71_83.jpg,31066
./calibration/gland_49_18.jpg,8399
./calibration/gland_89_4.jpg,0
./calibration/gland_71_30.jpg,7822
./calibration/gland_71_47.jpg,13146
./calibration/gland_26_21.jpg,8063
./calibration/gland_89_9.jpg,76
./calibration/gland_87_28.jpg,18992
./calibration/gland_87_24.jpg,3617
./calibration/gland_71_54.jpg,14996
./calibration/gland_89_6.jpg,37
./calibration/gland_89_0.jpg,17967
./calibration/gland_71_48.jpg,7703
./calibration/gland_26_5.jpg,969
./calibration/gland_71_65.jpg,44395
./calibration/gland_89_1.jpg,0
./calibration/gland_89_3.jpg,177
./calibration/gland_26_13.jpg,3675
./calibration/gland_71_62.jpg,47757
./calibration/gland_26_8.jpg,252
./calibration/gland_89_8.jpg,4
./calibration/gland_89_2.jpg,15968
./calibration/gland_26_18.jpg,5289
./calibration/gland_26_10.jpg,6702
./calibration/gland_87_29.jpg,6931
./calibration/gland_89_5.jpg,943
./calibration/gland_86_2.jpg,12580
./calibration/gland_89_7.jpg,41
./calibration/gland_86_0.jpg,39714
./calibration/gland_71_83.jpg,25468
./calibration/gland_49_18.jpg,5419
./calibration/gland_89_4.jpg,0
./calibration/gland_71_30.jpg,6307
./calibration/gland_71_47.jpg,11075
./calibration/gland_26_21.jpg,6449
./calibration/gland_89_9.jpg,55
./calibration/gland_87_28.jpg,15655
./calibration/gland_87_24.jpg,3039
./calibration/gland_71_54.jpg,12701
./calibration/gland_89_6.jpg,34
./calibration/gland_89_0.jpg,15581
./calibration/gland_71_48.jpg,6192
./calibration/gland_26_5.jpg,813
./calibration/gland_71_65.jpg,37172
./calibration/gland_89_1.jpg,0
./calibration/gland_89_3.jpg,159
./calibration/gland_26_13.jpg,3002
./calibration/gland_71_62.jpg,41497
./calibration/gland_26_8.jpg,173
./calibration/gland_89_8.jpg,0
./calibration/gland_89_2.jpg,13313
./calibration/gland_26_18.jpg,4143
./calibration/gland_26_10.jpg,4936
./calibration/gland_87_29.jpg,5786
./calibration/gland_89_5.jpg,760
./calibration/gland_86_2.jpg,10257
./calibration/gland_89_7.jpg,33
./calibration/gland_86_0.jpg,32761
./calibration/gland_71_83.jpg,22550
./calibration/gland_49_18.jpg,4075
./calibration/gland_89_4.jpg,0
./calibration/gland_71_30.jpg,5071
./calibration/gland_71_47.jpg,9266
./calibration/gland_26_21.jpg,5072
./calibration/gland_89_9.jpg,35
./calibration/gland_87_28.jpg,13010
./calibration/gland_87_24.jpg,2593
./calibration/gland_71_54.jpg,10878
./calibration/gland_89_6.jpg,24
./calibration/gland_89_0.jpg,13275
./calibration/gland_71_48.jpg,5041
./calibration/gland_26_5.jpg,686
./calibration/gland_71_65.jpg,31167
./calibration/gland_89_1.jpg,0
./calibration/gland_89_3.jpg,135
./calibration/gland_26_13.jpg,2428
./calibration/gland_71_62.jpg,36063
./calibration/gland_26_8.jpg,106
./calibration/gland_89_8.jpg,0
./calibration/gland_89_2.jpg,10873
./calibration/gland_26_18.jpg,3284
./calibration/gland_26_10.jpg,3681
./calibration/gland_87_29.jpg,4851
./calibration/gland_89_5.jpg,599
./calibration/gland_86_2.jpg,8368
./calibration/gland_89_7.jpg,30
./calibration/gland_86_0.jpg,27119
./calibration/gland_71_83.jpg,19905
./calibration/gland_49_18.jpg,3133
./calibration/gland_89_4.jpg,0
./calibration/gland_71_30.jpg,3849
./calibration/gland_71_47.jpg,7506
./calibration/gland_26_21.jpg,3837
./calibration/gland_89_9.jpg,21
./calibration/gland_87_28.jpg,10300
./calibration/gland_87_24.jpg,2106
./calibration/gland_71_54.jpg,8963
./calibration/gland_89_6.jpg,16
./calibration/gland_89_0.jpg,10989
./calibration/gland_71_48.jpg,3782
./calibration/gland_26_5.jpg,550
./calibration/gland_71_65.jpg,24777
./calibration/gland_89_1.jpg,0
./calibration/gland_89_3.jpg,119
./calibration/gland_26_13.jpg,1810
./calibration/gland_71_62.jpg,30115
./calibration/gland_26_8.jpg,66
./calibration/gland_89_8.jpg,0
./calibration/gland_89_2.jpg,8668
./calibration/gland_26_18.jpg,2349
./calibration/gland_26_10.jpg,2493
./calibration/gland_87_29.jpg,3945
./calibration/gland_89_5.jpg,463
./calibration/gland_86_2.jpg,6564
./calibration/gland_89_7.jpg,25
./calibration/gland_86_0.jpg,21605
./calibration/gland_71_83.jpg,17065
./calibration/gland_49_18.jpg,2274
./calibration/gland_89_4.jpg,0
./calibration/gland_71_30.jpg,2877
./calibration/gland_71_47.jpg,6008
./calibration/gland_26_21.jpg,2943
./calibration/gland_89_9.jpg,15
./calibration/gland_87_28.jpg,8169
./calibration/gland_87_24.jpg,1692
./calibration/gland_71_54.jpg,7269
./calibration/gland_89_6.jpg,7
./calibration/gland_89_0.jpg,9044
./calibration/gland_71_48.jpg,2773
./calibration/gland_26_5.jpg,440
./calibration/gland_71_65.jpg,19596
./calibration/gland_89_1.jpg,0
./calibration/gland_89_3.jpg,101
./calibration/gland_26_13.jpg,1328
./calibration/gland_71_62.jpg,25059
./calibration/gland_26_8.jpg,29
./calibration/gland_89_8.jpg,0
./calibration/gland_89_2.jpg,6845
./calibration/gland_26_18.jpg,1678
./calibration/gland_26_10.jpg,1664
./calibration/gland_87_29.jpg,3205
./calibration/gland_89_5.jpg,351
./calibration/gland_86_2.jpg,4997
./calibration/gland_89_7.jpg,22
./calibration/gland_86_0.jpg,17066
./calibration/gland_71_83.jpg,14638
./calibration/gland_49_18.jpg,1675
./calibration/gland_89_4.jpg,0
./calibration/gland_71_30.jpg,1696
./calibration/gland_71_47.jpg,3890
./calibration/gland_26_21.jpg,1801
./calibration/gland_89_9.jpg,10
./calibration/gland_87_28.jpg,5395
./calibration/gland_87_24.jpg,1116
./calibration/gland_71_54.jpg,4923
./calibration/gland_89_6.jpg,2
./calibration/gland_89_0.jpg,6365
./calibration/gland_71_48.jpg,1572
./calibration/gland_26_5.jpg,320
./calibration/gland_71_65.jpg,12645
./calibration/gland_89_1.jpg,0
./calibration/gland_89_3.jpg,76
./calibration/gland_26_13.jpg,772
./calibration/gland_71_62.jpg,17902
./calibration/gland_26_8.jpg,2
./calibration/gland_89_8.jpg,0
./calibration/gland_89_2.jpg,4455
./calibration/gland_26_18.jpg,935
./calibration/gland_26_10.jpg,819
./calibration/gland_87_29.jpg,2184
./calibration/gland_89_5.jpg,209
./calibration/gland_86_2.jpg,3158
./calibration/gland_89_7.jpg,15
./calibration/gland_86_0.jpg,11187
./calibration/gland_71_83.jpg,11055
./calibration/gland_49_18.jpg,1045
./calibration/gland_89_4.jpg,0
./calibration/gland_71_30.jpg,1177
./calibration/gland_71_47.jpg,2854
./calibration/gland_26_21.jpg,1324
./calibration/gland_89_9.jpg,5
./calibration/gland_87_28.jpg,4104
./calibration/gland_87_24.jpg,829
./calibration/gland_71_54.jpg,3856
./calibration/gland_89_6.jpg,1
./calibration/gland_89_0.jpg,5018
./calibration/gland_71_48.jpg,1074
./calibration/gland_26_5.jpg,257
./calibration/gland_71_65.jpg,9394
./calibration/gland_89_1.jpg,0
./calibration/gland_89_3.jpg,54
./calibration/gland_26_13.jpg,553
./calibration/gland_71_62.jpg,14180
./calibration/gland_26_8.jpg,2
./calibration/gland_89_8.jpg,0
./calibration/gland_89_2.jpg,3340
./calibration/gland_26_18.jpg,631
./calibration/gland_26_10.jpg,483
./calibration/gland_87_29.jpg,1692
./calibration/gland_89_5.jpg,142
./calibration/gland_86_2.jpg,2292
./calibration/gland_89_7.jpg,13
./calibration/gland_86_0.jpg,8425
./calibration/gland_71_83.jpg,9178
./calibration/gland_49_18.jpg,742
./calibration/gland_89_4.jpg,0
./calibration/gland_71_30.jpg,763
./calibration/gland_71_47.jpg,2007
./calibration/gland_26_21.jpg,901
./calibration/gland_89_9.jpg,4
./calibration/gland_87_28.jpg,3041
./calibration/gland_87_24.jpg,610
./calibration/gland_71_54.jpg,2846
./calibration/gland_89_6.jpg,0
./calibration/gland_89_0.jpg,3681
./calibration/gland_71_48.jpg,709
./calibration/gland_26_5.jpg,190
./calibration/gland_71_65.jpg,6683
./calibration/gland_89_1.jpg,0
./calibration/gland_89_3.jpg,40
./calibration/gland_26_13.jpg,349
./calibration/gland_71_62.jpg,10819
./calibration/gland_26_8.jpg,0
./calibration/gland_89_8.jpg,0
./calibration/gland_89_2.jpg,2441
./calibration/gland_26_18.jpg,396
./calibration/gland_26_10.jpg,287
./calibration/gland_87_29.jpg,1214
./calibration/gland_89_5.jpg,96
./calibration/gland_86_2.jpg,1561
./calibration/gland_89_7.jpg,12
./calibration/gland_86_0.jpg,6088
./calibration/gland_71_83.jpg,7363
./calibration/gland_49_18.jpg,472
./calibration/gland_89_4.jpg,0
./calibration/gland_71_30.jpg,511
./calibration/gland_71_47.jpg,1367
./calibration/gland_26_21.jpg,636
./calibration/gland_89_9.jpg,3
./calibration/gland_87_28.jpg,2246
./calibration/gland_87_24.jpg,438
./calibration/gland_71_54.jpg,2090
./calibration/gland_89_6.jpg,0
./calibration/gland_89_0.jpg,2742
./calibration/gland_71_48.jpg,427
./calibration/gland_26_5.jpg,137
./calibration/gland_71_65.jpg,4700
./calibration/gland_89_1.jpg,0
./calibration/gland_89_3.jpg,30
./calibration/gland_26_13.jpg,229
./calibration/gland_71_62.jpg,8284
./calibration/gland_26_8.jpg,0
./calibration/gland_89_8.jpg,0
./calibration/gland_89_2.jpg,1856
./calibration/gland_26_18.jpg,251
./calibration/gland_26_10.jpg,164
./calibration/gland_87_29.jpg,901
./calibration/gland_89_5.jpg,73
./calibration/gland_86_2.jpg,1079
./calibration/gland_89_7.jpg,6
./calibration/gland_86_0.jpg,4384
./calibration/gland_71_83.jpg,5925
./calibration/gland_49_18.jpg,284
./calibration/gland_89_4.jpg,0
./calibration/gland_71_30.jpg,324
./calibration/gland_71_47.jpg,942
./calibration/gland_26_21.jpg,421
./calibration/gland_89_9.jpg,0
./calibration/gland_87_28.jpg,1534
./calibration/gland_87_24.jpg,283
./calibration/gland_71_54.jpg,1520
./calibration/gland_89_6.jpg,0
./calibration/gland_89_0.jpg,1949
./calibration/gland_71_48.jpg,250
./calibration/gland_26_5.jpg,95
./calibration/gland_71_65.jpg,3126
./calibration/gland_89_1.jpg,0
./calibration/gland_89_3.jpg,19
./calibration/gland_26_13.jpg,151
./calibration/gland_71_62.jpg,6081
./calibration/gland_26_8.jpg,0
./calibration/gland_89_8.jpg,0
./calibration/gland_89_2.jpg,1322
./calibration/gland_26_18.jpg,144
./calibration/gland_26_10.jpg,88
./calibration/gland_87_29.jpg,667
./calibration/gland_89_5.jpg,43
./calibration/gland_86_2.jpg,719
./calibration/gland_89_7.jpg,6
./calibration/gland_86_0.jpg,3111
./calibration/gland_71_83.jpg,4608
./calibration/gland_49_18.jpg,146
./calibration/gland_89_4.jpg,0
./calibration/gland_71_30.jpg,193
./calibration/gland_71_47.jpg,567
./calibration/gland_26_21.jpg,219
./calibration/gland_89_9.jpg,0
./calibration/gland_87_28.jpg,1009
./calibration/gland_87_24.jpg,164
./calibration/gland_71_54.jpg,1055
./calibration/gland_89_6.jpg,0
./calibration/gland_89_0.jpg,1205
./calibration/gland_71_48.jpg,123
./calibration/gland_26_5.jpg,50
./calibration/gland_71_65.jpg,1898
./calibration/gland_89_1.jpg,0
./calibration/gland_89_3.jpg,10
./calibration/gland_26_13.jpg,91
./calibration/gland_71_62.jpg,4261
./calibration/gland_26_8.jpg,0
./calibration/gland_89_8.jpg,0
./calibration/gland_89_2.jpg,887
./calibration/gland_26_18.jpg,68
./calibration/gland_26_10.jpg,37
./calibration/gland_87_29.jpg,448
./calibration/gland_89_5.jpg,24
./calibration/gland_86_2.jpg,442
./calibration/gland_89_7.jpg,4
./calibration/gland_86_0.jpg,1974
./calibration/gland_71_83.jpg,3329
./calibration/gland_49_18.jpg,73
./calibration/gland_89_4.jpg,0
./calibration/gland_71_30.jpg,83
./calibration/gland_71_47.jpg,232
./calibration/gland_26_21.jpg,70
./calibration/gland_89_9.jpg,0
./calibration/gland_87_28.jpg,533
./calibration/gland_87_24.jpg,73
./calibration/gland_71_54.jpg,584
./calibration/gland_89_6.jpg,0
./calibration/gland_89_0.jpg,549
./calibration/gland_71_48.jpg,39
./calibration/gland_26_5.jpg,19
./calibration/gland_71_65.jpg,839
./calibration/gland_89_1.jpg,0
./calibration/gland_89_3.jpg,5
./calibration/gland_26_13.jpg,46
./calibration/gland_71_62.jpg,2317
./calibration/gland_26_8.jpg,0
./calibration/gland_89_8.jpg,0
./calibration/gland_89_2.jpg,418
./calibration/gland_26_18.jpg,25
./calibration/gland_26_10.jpg,14
./calibration/gland_87_29.jpg,219
./calibration/gland_89_5.jpg,12
./calibration/gland_86_2.jpg,205
./calibration/gland_89_7.jpg,0
./calibration/gland_86_0.jpg,978
./calibration/gland_71_83.jpg,1911
./calibration/gland_49_18.jpg,13
./calibration/gland_89_4.jpg,0
